,GRE_AW,GRE,TF_S,TF,grad_gpa,grad_rank,username
947,,310,,95,2.3, 本科非211,smallmikko
595,3,310,19,92,2.45, 本科非211,liukailzb
2740,3,322,,100,2.64, 海本,lishiming9
3389,,316,,100,2.68, 本科非211,elyn
2861,3,316,20,80,2.8, 本科其他211,xavier90
637,,316,,93,2.85,,Maestro5563
324,,320,18,91,2.89, 本科非211,sunnyeee
1984,,,,,2.92, 本科非211,hochipun
348,3,324,23,100,2.93, 本科Top30 211,AbracadaBudda
3762,,316,,88,2.96, 本科：南大，浙大，复旦，上交,silentsea
615,,309,,85,3, 本科：南大，浙大，复旦，上交,zxc12379
2903,3,317,23,94,3, 本科Top30 211,massa16
154,,320,,94,3, 本科其他211,JunoJ
3964,,317,20,97,3, 本科：南大，浙大，复旦，上交,funnybomb
62,,,,100,3, 本科其他211,ryanli
219,3,317,20,101,3, 本科：北大，清华，科大，中科院，特色学校牛专业,多多多多多
29,,328,,103,3, 本科Top15 211,victorsterling
2072,3,324,,104,3, 本科非211,h707705427
364,,,,,3, 本科：北大，清华，科大，中科院，特色学校牛专业,hadoopG
4131,,310,,91,3.01, 本科非211,lrcray
2083,3,317,22,99,3.04, 本科Top15 211,tonycy0
143,,,,,3.08, 本科：北大，清华，科大，中科院，特色学校牛专业,amber0311
2948,3,315,,99,3.1, 本科Top30 211,liuxiaoyu1992
4046,,,,100,3.1, 本科其他211,renli3000
26,3,321,23,105,3.1, 本科其他211,奈何默默
2463,4,333,24,112,3.1, 本科Top30 211,vegito2002
3987,4,330,28,117,3.1, 海本,DarthPotter
421,3,,,,3.1, 本科其他211,collwe
3460,3.5,319,,95,3.11, 本科Top30 211,schenkerx
2897,3,328,,101,3.11, 本科Top30 211,Dangyi0811
2860,3,311,,91,3.14, 本科非211,sunson331
3306,3.5,318,20,91,3.15, 本科其他211,ChaceLei
1959,3,326,22,104,3.15, 本科：北大，清华，科大，中科院，特色学校牛专业,dokolo
1981,,,,,3.15, 本科Top15 211,pengpengwei
3668,,319,,94,3.16, 本科Top30 211,wangsiwei
527,3.5,323,19,100,3.16, 本科：南大，浙大，复旦，上交,billjyc
1982,3,320,19,101,3.16, 本科：南大，浙大，复旦，上交,dczmydc
2243,3.5,320,26,102,3.16, 本科Top30 211,feifeijiejie
472,,316,,107,3.16, 本科其他211,devarenacn
738,,313,,89,3.17, 本科：南大，浙大，复旦，上交,lorabit
2158,,313,,95,3.17, 本科其他211,乌龟大师
2126,3,324,,100,3.17, 本科Top30 211,laobulang
858,,,,106,3.17, 本科：北大，清华，科大，中科院，特色学校牛专业,zyc262626
2792,,316,26,92,3.19, 本科其他211,小张同学
2252,3,312,19,90,3.2, 本科非211,Anthonyrain
889,3,315,,94,3.2, 本科Top15 211,kataku
1190,3,313,,97,3.2, 本科非211,ingerido
79,2.5,318,20,98,3.2, 本科其他211,cooldogrj
485,,317,20,99,3.2, 本科Top30 211,schnappi
2905,3,317,,100,3.2, 海本,l4zhou
1426,3,320,23,102,3.2, 海本,Joe.TANG
431,3,321,22,103,3.2, 本科非211,290219306
3997,3,323,,105,3.2, 本科：北大，清华，科大，中科院，特色学校牛专业,doraemon757
3224,3,320,22,106,3.2, 本科Top15 211,自己人
2808,3.5,325,22,107,3.2, 本科：北大，清华，科大，中科院，特色学校牛专业,dreamdew
6,,,,,3.2, 本科Top15 211,gouber
578,,,,,3.2, 本科Top15 211,zhangyue823
2270,,,,,3.2, 本科Top30 211,fay067
2277,,,,,3.2, 海本,sky00high
4127,,,,,3.2, 本科Top15 211,kiadragon
317,,313,,84,3.21,,tommy1122337
4275,,,,,3.21, 本科Top30 211,学会cl
2414,4,322,,94,3.22, 本科：南大，浙大，复旦，上交,oliviahoneyhu
4203,3,316,22,96,3.22, 本科：北大，清华，科大，中科院，特色学校牛专业,FelixSchmidt
3387,3,327,23,102,3.23, 本科其他211,outstanding915
4161,3.5,323,23,104,3.23, 本科Top30 211,我们的永远
1379,3,310,20,99,3.24, 本科Top30 211,skiphoop
397,3.5,324,22,106,3.24, 本科：南大，浙大，复旦，上交,gqjapply
190,4,329,,106,3.24, 本科：北大，清华，科大，中科院，特色学校牛专业,Wilford
2082,3,319,,95,3.25, 本科Top15 211,zhiz21
200,,,,,3.25, 本科非211,reasonapp
2485,,,,,3.25, 本科Top15 211,gyzjay
2161,,318,22,94,3.26, 本科Top30 211,Michal
2572,,320,,98,3.26, 本科：南大，浙大，复旦，上交,sjtuchris
1028,3.5,319,26,108,3.26,,Paul_Zhang
4234,3.5,321,20,90,3.27, 本科：南大，浙大，复旦，上交,香蕉你个橘子
3529,3,313,24,100,3.27, 本科：南大，浙大，复旦，上交,fluu
4154,,,,102,3.27, 本科Top15 211,Withyue
640,3,321,23,103,3.27, 本科Top30 211,zhan8803705
1218,3,315,,87,3.3, 本科其他211,starwp
3046,,316,23,91,3.3, 本科其他211,橘歆卡卡
413,3,324,20,96,3.3, 本科Top15 211,markqzheng
1170,3.5,324,,96,3.3, 本科：南大，浙大，复旦，上交,renyuxiang
111,,326,27,100,3.3, 本科Top15 211,rainaxxchan
2605,,322,,100,3.3, 本科Top30 211,Funky_QiQi
2904,3.5,315,,100,3.3, 本科Top15 211,白菜3383
3577,3,323,,100,3.3, 本科其他211,改过自新
11,3,317,23,101,3.3, 本科：北大，清华，科大，中科院，特色学校牛专业,allenliu
282,,,,101,3.3, 本科：北大，清华，科大，中科院，特色学校牛专业,dmmzmm
3822,4,322,,102,3.3, 海本,leafsherry
3860,3,325,23,103,3.3, 本科：南大，浙大，复旦，上交,lucyandlily
3287,3.5,327,,103,3.3, 本科非211,宁诺扫地僧
1286,3,316,24,104,3.3, 本科其他211,喵星人阿布
2301,3,323,,105,3.3, 本科Top30 211,609064231
4137,3,325,23,106,3.3, 本科：南大，浙大，复旦，上交,feidaowenzhan
2111,,326,24,106,3.3,,Gloria_S
2047,,323,,106,3.3,,JerryLi
1221,4,316,23,107,3.3, 本科Top30 211,srxiaoj
369,,319,,107,3.3, 本科：北大，清华，科大，中科院，特色学校牛专业,slxu
399,4,324,,108,3.3, 本科：南大，浙大，复旦，上交,cadywsq
2115,,,,,3.3, 本科Top15 211,路人甲子
2906,,,,,3.3, 本科其他211,Noah1994
3239,,,,,3.3, 本科：北大，清华，科大，中科院，特色学校牛专业,兜兜笔
4172,,323,,,3.3, 本科其他211,不二
2327,3.5,323,26,104,3.31, 本科：北大，清华，科大，中科院，特色学校牛专业,ryermit
3376,3,331,,104,3.31, 本科Top30 211,松松的鞋带儿
447,3,311,22,92,3.32, 本科Top30 211,singku
1895,3,320,19,99,3.32, 本科非211,chuqixiaozhu
362,3,,23,108,3.32, 本科：南大，浙大，复旦，上交,peanu
2231,3.5,321,27,115,3.36, 本科Top15 211,chuyang
1890,3,320,20,103,3.39, 本科Top15 211,安如画
2081,3,319,23,104,3.39, 本科其他211,fanta
157,,307,,84,3.4, 本科其他211,沉默的小马
2297,3,327,20,97,3.4, 本科Top15 211,甜心
4159,3.5,323,18,98,3.4, 本科Top15 211,stevenlli
511,3,304,24,99,3.4, 本科非211,provhomme
1239,,318,,100,3.4, 海本,李大牛
772,3,321,22,101,3.4, 本科Top15 211,ataraxian
519,,320,,101,3.4, 本科：北大，清华，科大，中科院，特色学校牛专业,wsd10
1432,,317,,101,3.4, 本科Top15 211,magorium
3048,,326,,101,3.4, 本科Top30 211,ada要offer
2151,3,322,,102,3.4, 本科：北大，清华，科大，中科院，特色学校牛专业,lipopoxin
3362,,327,,102,3.4, 本科：北大，清华，科大，中科院，特色学校牛专业,demonstrate
122,3,331,24,104,3.4, 本科：南大，浙大，复旦，上交,maxio110
704,,324,,104,3.4, 本科：北大，清华，科大，中科院，特色学校牛专业,emissary30
3073,3,326,23,105,3.4, 本科非211,dushi792
71,3.5,314,,105,3.4, 本科Top30 211,mgllyyk
2196,,325,23,106,3.4, 本科Top15 211,crth
611,3,331,,107,3.4, 本科：北大，清华，科大，中科院，特色学校牛专业,brendaV
766,3,328,22,109,3.4, 本科Top15 211,BaskWind
58,,329,,109,3.4, 本科Top30 211,aprilxiao
3405,3.5,324,23,111,3.4, 本科：南大，浙大，复旦，上交,66666t
620,,323,,111,3.4, 本科：南大，浙大，复旦，上交,ryan_sun
266,,334,,112,3.4, 本科：北大，清华，科大，中科院，特色学校牛专业,zj45499
634,,,,,3.4, 本科其他211,古风
689,,,,,3.4, 本科Top15 211,chrisVoid
921,,,,,3.4, 本科Top15 211,whiskey547
1133,,,,,3.4, 本科其他211,Sayings
1445,,,,,3.4, 本科Top30 211,xuehongfa
1909,,,,,3.4, 本科其他211,yuyuyu0905
3047,,,,,3.4, 本科Top30 211,an小淇
602,,312,,81,3.41, 本科Top15 211,simonsong
2766,3.5,332,23,108,3.41, 本科：南大，浙大，复旦，上交,ultimecia7
290,,325,,97,3.42, 本科Top30 211,lzlindy
2187,3,320,20,100,3.42, 本科Top30 211,喵大侠君君君
3582,3,315,24,101,3.42,,MrMussi
2641,3.5,318,,101,3.42, 本科非211,wjw2022
487,3.5,324,,108,3.42, 本科：北大，清华，科大，中科院，特色学校牛专业,pacman
51,,,,,3.42, 本科Top15 211,几碗米饭
151,,,,,3.42, 本科其他211,llx
339,3,323,22,105,3.43, 海本,wuyang1992
837,3,321,23,106,3.43, 本科：南大，浙大，复旦，上交,韦斯特大人
61,3,324,23,108,3.43, 本科Top15 211,接发球
4258,3.5,335,27,110,3.43, 海本,Taeyoulee
2319,,,,,3.43,,ysz0115
419,3,324,22,108,3.44, 本科：北大，清华，科大，中科院，特色学校牛专业,wbcustc
436,3,330,22,108,3.44, 本科：南大，浙大，复旦，上交,AndyLiu0429
356,4,327,26,113,3.44, 本科：南大，浙大，复旦，上交,sabrinasong
3117,3.5,327,20,102,3.45,,lazywei
2977,3,324,,102,3.45, 本科Top15 211,黑客与画家
3779,,325,,102,3.45, 海本,Roc1mu3fen
3532,3.5,322,22,104,3.46, 本科：南大，浙大，复旦，上交,maston14
757,3.5,322,24,105,3.46, 本科：北大，清华，科大，中科院，特色学校牛专业,diligent1787
592,3,327,24,106,3.46, 本科Top15 211,stormmax
3652,,,,,3.46, 本科Top30 211,catdog01
2175,3.5,326,24,109,3.47, 本科：南大，浙大，复旦，上交,maticzc
3484,3,321,19,100,3.48,,haiwei624
278,3,323,22,100,3.48, 本科：北大，清华，科大，中科院，特色学校牛专业,mouwu.lin
250,3,319,23,100,3.48, 本科：南大，浙大，复旦，上交,wongwill325
3253,3,314,,104,3.48, 本科其他211,laviniatx
2526,,320,,105,3.48, 本科：南大，浙大，复旦，上交,carly900
3719,,,,,3.48, 本科其他211,拉普拉斯
212,,315,,100,3.49, 本科非211,espange
2839,3,326,,100,3.49, 本科其他211,小学豆豆
297,3,324,26,105,3.49, 本科：南大，浙大，复旦，上交,Gvnfy
2760,,316,,85,3.5, 本科其他211,0825jie
432,3,312,19,92,3.5, 本科Top15 211,infinity730
905,3.5,319,18,94,3.5, 本科Top30 211,cicitaotao
163,,316,,97,3.5, 本科Top30 211,aaaeeeo
651,,318,,97,3.5, 本科Top30 211,minta
1202,3,319,,98,3.5, 本科：北大，清华，科大，中科院，特色学校牛专业,lymustc
549,3,319,23,100,3.5,,哈巴崽
1135,,,,100,3.5, 海本,香草可乐
2625,,,,100,3.5, 本科Top30 211,coderredoc
3214,3,314,22,101,3.5, 本科Top30 211,iakul2
144,,326,,101,3.5,,amyzen
3210,3.5,325,,101,3.5, 本科：北大，清华，科大，中科院，特色学校牛专业,olalalalalalala
430,3.5,318,20,102,3.5, 本科：北大，清华，科大，中科院，特色学校牛专业,bersserker
3090,,327,,102,3.5, 本科：南大，浙大，复旦，上交,不再当水军
3140,,313,22,103,3.5, 本科：南大，浙大，复旦，上交,gumendier
4259,3.5,325,23,103,3.5, 本科：北大，清华，科大，中科院，特色学校牛专业,dydcfg
245,,327,,103,3.5, 本科其他211,kira_HC
1979,3.5,320,23,104,3.5, 本科其他211,liuyelei0621
4265,3.5,320,23,104,3.5, 本科其他211,抱考拉的桉树猫
777,3,320,26,104,3.5,,桑梓地
2646,3,324,,104,3.5, 本科Top30 211,怒风逐日
1289,3.5,321,23,105,3.5, 本科Top15 211,Hmzzz
2066,,320,23,106,3.5, 本科：南大，浙大，复旦，上交,苏缘Suyuan
2525,3,327,24,106,3.5,,hyzl1sdo
3372,3.5,324,,107,3.5, 本科Top15 211,zhaojun
257,3,326,23,108,3.5, 本科Top15 211,tcstar
942,3.5,322,,108,3.5, 本科Top30 211,hp257
4178,3.5,330,,108,3.5, 海本,henry1qaz
3520,3,325,,109,3.5, 本科：南大，浙大，复旦，上交,ZJNSJTU
224,,325,28,112,3.5, 本科：北大，清华，科大，中科院，特色学校牛专业,mm1017
220,5,328,,,3.5, 海本,l328
1125,,,,,3.5, 本科：北大，清华，科大，中科院，特色学校牛专业,versemonger
1489,4,322,,,3.5, 本科：南大，浙大，复旦，上交,zhangrf
1550,,,,,3.5, 本科Top30 211,tommylin
2556,,,,,3.5,,portofino
4007,,,,,3.5, 本科其他211,taotaower
1223,3,314,18,96,3.51, 本科Top30 211,hanyu
377,3,,24,100,3.52, 本科Top15 211,kobezhaowei
117,3.5,329,24,106,3.52, 本科Top15 211,Kinatahsama
2305,3.5,325,22,108,3.52, 本科其他211,FlynnWang
2628,,,,,3.52, 本科Top30 211,kobeliujie
1262,2.5,327,,96,3.53, 本科Top15 211,themis00
259,3.5,323,22,103,3.53, 本科非211,lonely-melon
1868,,321,,103,3.53, 本科Top30 211,perthblank
1178,,,,,3.53, 本科：南大，浙大，复旦，上交,excellent5
4071,,320,19,98,3.54, 本科：南大，浙大，复旦，上交,oshizhiyouni
936,3,318,22,100,3.54, 本科Top15 211,yougmark
70,3.5,326,24,105,3.54, 本科Top15 211,qwsolitude
4044,3.5,325,22,106,3.54, 本科：北大，清华，科大，中科院，特色学校牛专业,alexanderhmw
1060,4,324,,106,3.54, 本科：南大，浙大，复旦，上交,eypw152
3127,3,318,23,107,3.54, 本科Top15 211,stlm1991
3193,3,323,,110,3.54, 本科：南大，浙大，复旦，上交,luttmm
209,3.5,327,,103,3.55, 本科Top30 211,zhengdawei911
386,3,326,24,104,3.55, 本科Top30 211,Lycn_Cross
1147,3.5,326,,104,3.55, 本科Top15 211,rier2011
243,3.5,,23,107,3.55,,iPhD
2469,,331,,100,3.56, 本科：南大，浙大，复旦，上交,hypsm
3879,3,319,20,101,3.56, 本科Top30 211,zl_demon
8,,320,,101,3.56, 本科其他211,王十七
2975,3,329,23,104,3.56, 本科：南大，浙大，复旦，上交,chenboy
3118,,,,,3.56, 本科Top15 211,crazigoal
3630,,323,,,3.56, 海本,xiaozegu
1189,3,307,24,97,3.57, 本科其他211,aegis
2219,3,319,,100,3.57, 本科：南大，浙大，复旦，上交,whitevh
962,,319,22,102,3.57, 本科Top15 211,ee470474137
477,3.5,312,22,103,3.57, 本科：南大，浙大，复旦，上交,zzzregister
422,,325,26,108,3.57, 本科非211,leoooodu
1232,3.5,327,24,109,3.57, 本科Top30 211,albusshin
3883,3,321,23,103,3.58, 本科：南大，浙大，复旦，上交,302536811
383,3,326,,109,3.58, 本科Top30 211,wangyuesong2
1362,3.5,323,19,101,3.59, 本科Top30 211,sharpyyoung
667,,320,23,103,3.59, 本科Top30 211,iwlam525
3251,3,323,22,106,3.59, 本科：南大，浙大，复旦，上交,mikealive
672,,319,23,98,3.6, 本科Top15 211,VAN-C
1098,,321,,98,3.6, 海本,ceclinux
4228,,317,,98,3.6, 本科其他211,Liddy_L
13,3.5,322,23,99,3.6, 本科Top15 211,剪时光
919,,,,100,3.6, 海本,yiqinyang2
4067,2.5,314,,100,3.6, 本科Top15 211,violet_xrym
2203,3,321,22,101,3.6, 本科Top15 211,西西可橙
3567,3,327,22,101,3.6, 本科Top30 211,lizihao945
3615,3,323,22,102,3.6, 本科Top15 211,Ryo
367,3.5,330,23,102,3.6, 本科Top15 211,jasonl815
3699,4,324,26,103,3.6, 本科Top15 211,xieyt
2281,3.5,319,23,104,3.6, 本科Top15 211,susanaisai
542,3.5,316,24,105,3.6, 本科其他211,mrholiday
96,,322,,105,3.6, 本科Top15 211,ysl12316223
929,,320,,105,3.6, 本科：北大，清华，科大，中科院，特色学校牛专业,fly6464
2335,,320,,106,3.6, 本科非211,qmn199232
2744,,322,,106,3.6, 本科Top30 211,wwyiyi
869,3.5,325,23,108,3.6, 本科Top15 211,ylcboy
3,,,,,3.6, 本科非211,ivan93
1951,,316,,,3.6, 海本,illc1991
2716,,,,,3.6, 本科非211,samurai_sz
2811,,,,,3.6, 本科其他211,jimrex
2966,,,,,3.6, 海本,guanlun
3148,4.5,327,,,3.6,,tljameswade
3950,,,,,3.6, 本科Top15 211,jumpdewey
237,3,317,19,100,3.61, 本科非211,Jack_S
3079,3,323,,100,3.61,, xiaovid
149,,,,,3.61, 本科Top15 211,我要去美国
3521,3,320,,100,3.62, 本科Top30 211,jacketsu
1082,3,321,23,103,3.62, 海本,ray1213
1257,3,320,22,104,3.62, 本科Top15 211,hjx447297354
4285,4,325,22,106,3.62, 海本,灰溜溜溜溜
553,3,320,23,106,3.62, 本科：南大，浙大，复旦，上交,南慕伦
74,3,328,24,107,3.62, 本科其他211,nzou1991
83,,,,,3.62, 本科Top30 211,leejacky
2747,3,314,,,3.62, 海本,dianedan
2958,,,,,3.62, 海本,nbchao
476,,320,18,103,3.622, 本科：南大，浙大，复旦，上交,salamanderrex1
3336,3,323,23,101,3.63, 海本,mmis007
34,4,315,,101,3.63, 本科：北大，清华，科大，中科院，特色学校牛专业,oldjade
126,,,23,105,3.63, 本科Top15 211,baimaoguhuimao
2303,3,326,26,106,3.63, 本科Top30 211,astrid0221
1418,,,,,3.63, 本科非211,jiamuxeuer
2715,,,,,3.63, 本科Top30 211,laahaa
4256,,,,,3.63, 本科非211,TinaBao
3579,3,324,,92,3.64, 本科：南大，浙大，复旦，上交,lin88lin8850
2873,,317,,100,3.64, 海本,linx0544
2699,3,316,20,101,3.64, 本科Top15 211,little_littfish
2761,3,320,23,101,3.64, 本科Top30 211,Seddas
3744,,324,,102,3.64, 本科其他211,gjw931110
622,3,323,22,104,3.64, 本科：南大，浙大，复旦，上交,begg930
3756,4,326,20,105,3.64,,daat11elyon
445,3,320,,105,3.64, 本科：南大，浙大，复旦，上交,LumiG
2591,3.5,322,23,110,3.64, 本科Top15 211,洱海沧浪
862,,,,,3.64, 本科：北大，清华，科大，中科院，特色学校牛专业,songty11
1255,3,313,,,3.64, 海本,rover
2490,,,,,3.64, 本科Top30 211,z-ling
3478,,320,,93,3.65, 本科Top30 211,markpen
3755,3,322,23,101,3.65, 本科Top15 211,heidixy
4062,3,323,,102,3.65, 本科Top30 211,大风糊一脸
916,4,319,22,104,3.65, 本科Top15 211,陌染清源
2630,3,326,26,108,3.65, 本科：北大，清华，科大，中科院，特色学校牛专业,hbisheng
374,3.5,330,27,114,3.65, 本科：南大，浙大，复旦，上交,muybienw
1068,3,307,,,3.65, 海本,lululillian
195,3,306,22,94,3.66, 本科非211,吱吱
490,3,323,20,95,3.66, 本科Top30 211,jiangsl
206,,315,,100,3.66, 本科非211,LJYee
1889,3.5,325,,100,3.66, 本科Top15 211,ieijkd
3136,3,324,18,102,3.66, 本科：南大，浙大，复旦，上交,dongxinb
2639,3.5,320,22,102,3.66, 本科：南大，浙大，复旦，上交,243630184
4043,3,326,23,108,3.66, 本科：北大，清华，科大，中科院，特色学校牛专业,怎么又笑了
960,3.5,324,,108,3.66, 本科Top15 211,oh_baizhima
800,,,,,3.66, 本科：北大，清华，科大，中科院，特色学校牛专业,karanbb
2063,,327,,,3.66, 海本,timatim
2531,,,,,3.66, 本科Top30 211,jessiegao
156,3,307,22,90,3.67, 本科Top15 211,Venchyy-go-US
2566,4.5,320,,100,3.67, 海本,go7going
344,3,,,108,3.67, 本科Top30 211,Aaron_Liu
2057,3.5,319,26,111,3.67, 本科Top30 211,sdlny
2336,,,,,3.67, 本科非211,majia67
1412,3.5,322,23,104,3.68, 本科：南大，浙大，复旦，上交,rp_cai
425,3,321,23,106,3.68, 本科：南大，浙大，复旦，上交,活性氧
2533,,329,,106,3.68, 本科Top30 211,liuguiliang123
687,3,320,,,3.68, 海本,ldf92
4081,,,,,3.68, 本科：北大，清华，科大，中科院，特色学校牛专业,pkutzy
4166,,319,,92,3.69, 本科非211,jane11233
479,3.5,329,23,103,3.69, 本科：南大，浙大，复旦，上交,AspirinSJL
3539,3.5,327,,106,3.69, 本科：北大，清华，科大，中科院，特色学校牛专业,shiyqw
2854,,318,,108,3.69, 本科Top15 211,zhangxi1994
1920,,320,,90,3.7, 本科Top15 211,hahamty
2694,3,326,,90,3.7, 本科Top30 211,eveshsh
2122,3,322,,97,3.7, 本科其他211,solar12138
2404,3.5,327,19,98,3.7, 本科Top30 211,paopao12345
1291,,,,100,3.7, 海本,DangerousMJ
2008,3.5,320,,100,3.7, 本科：南大，浙大，复旦，上交,jzdaizeyu
2152,3.5,307,,100,3.7, 海本,weihe2015
2824,,320,,100,3.7, 海本,cammyluffy
3945,,320,,100,3.7, 本科Top30 211,monster_gump
2837,3.5,322,19,101,3.7, 本科Top15 211,yipsama2
606,3,319,23,101,3.7, 海本,wds41138
2978,3,322,23,101,3.7, 本科Top15 211,csyhhu
881,3.5,319,22,102,3.7, 本科Top30 211,喜马拉雅疯子
2822,3,326,23,102,3.7, 本科Top30 211,anniepxl
2602,,327,,102,3.7, 本科：南大，浙大，复旦，上交,sbf1994
4183,,319,,102,3.7, 本科Top30 211,wanganran
440,3.5,323,22,103,3.7, 本科：北大，清华，科大，中科院，特色学校牛专业,lyzstc
1497,4,314,23,103,3.7, 本科Top15 211,shadow7429
2384,3,320,,103,3.7, 本科Top15 211,immiao
1324,3.5,325,24,104,3.7, 本科Top15 211,superxiaoding
3421,3,318,22,106,3.7, 本科：南大，浙大，复旦，上交,kxzhao
470,4,328,23,108,3.7,,brian1118
2973,,,23,108,3.7, 本科Top15 211,luosh5
3139,4,320,23,109,3.7, 本科：南大，浙大，复旦，上交,niloiv
3827,4,330,26,109,3.7, 本科Top15 211,glw789
305,,334,,109,3.7, 本科：南大，浙大，复旦，上交,yeehon
380,3.5,332,,109,3.7, 本科：南大，浙大，复旦，上交,eonian
2436,,320,,109,3.7, 本科Top15 211,mikemoto
2288,3,323,27,110,3.7, 本科Top30 211,jason_wang
106,,325,,110,3.7, 本科Top30 211,elsa
1962,3,325,,110,3.7, 海本,Sindy_
2188,3.5,328,,111,3.7, 本科Top15 211,phantomape
235,3.5,318,,,3.7,,2239168
459,,,,,3.7, 本科Top15 211,sumbo
480,,319,,,3.7, 海本,njshenyu
678,,,,,3.7, 本科Top15 211,followdream
838,,,,,3.7, 海本,hex
961,,,,,3.7, 海本,JunlinZhu
3248,3.5,325,,,3.7, 海本,imweihuang
3464,,,,,3.7, 本科：北大，清华，科大，中科院，特色学校牛专业,Qinkun
2378,3,324,,97,3.71, 本科其他211,kevinishere
284,,325,,100,3.71, 本科Top30 211,sunnysilvia
4120,3,322,24,110,3.71, 本科：北大，清华，科大，中科院，特色学校牛专业,lyn6850133
67,,,,,3.71, 本科Top15 211,ziczyq
222,3,317,22,100,3.72,,xystudioo
1200,3,318,,100,3.72, 海本,remix
4090,3,323,23,102,3.72, 本科：北大，清华，科大，中科院，特色学校牛专业,dc93
1164,3,330,22,103,3.72, 海本,hanxiaojin21
3531,3,317,23,103,3.72, 本科：南大，浙大，复旦，上交,Deus
3004,3.5,325,19,104,3.72, 本科：南大，浙大，复旦，上交,nikki3128
3119,3.5,320,22,104,3.72, 本科Top15 211,mxw699
2901,,319,,104,3.72, 本科：南大，浙大，复旦，上交,Alice_koi
3925,3,325,28,108,3.72, 本科其他211,wwk55551111
886,3.5,329,24,114,3.72, 本科：南大，浙大，复旦，上交,zsycn
2105,,324,,,3.72, 海本,kingkingkiki
4240,,,,,3.727, 海本,老子姓锅
3208,3.5,321,20,94,3.73, 本科Top30 211,warlock333
2313,3,324,,104,3.73, 本科Top30 211,yyypasserby
1904,3,324,23,106,3.73, 本科Top30 211,ForeverZard
971,,325,23,108,3.73, 本科：南大，浙大，复旦，上交,ywmaggie
494,,327,26,111,3.73, 海本,mengqwang2
1276,4.5,330,28,115,3.73, 海本,alexontheway
24,,325,,,3.73, 海本,Cleopatrahelen
883,3,320,23,95,3.74, 本科Top30 211,popandroid
1322,,328,,100,3.74, 海本,shenroong
945,4,333,30,119,3.74, 海本,gz3229
1408,,,,,3.74, 本科Top30 211,apologize119
2248,3.5,311,,,3.74, 海本,哈哈笑个傻
3203,,,,,3.74, 本科Top30 211,kevinanu
3249,,316,,95,3.75, 本科：南大，浙大，复旦，上交,zjuzqj
778,3,326,23,98,3.75,,CindyHuang
3998,3,327,22,100,3.75, 本科：南大，浙大，复旦，上交,xuyuhao
2918,3.5,318,23,100,3.75, 本科非211,dhend
1242,,318,22,102,3.75, 海本,北游少年
406,3.5,318,23,102,3.75, 本科：南大，浙大，复旦，上交,372284362
87,3,318,,102,3.75, 本科：南大，浙大，复旦，上交,Michelle_sigh
3932,4,320,24,106,3.75, 本科：南大，浙大，复旦，上交,liliman
955,3.5,323,,,3.75, 海本,xli294
2290,,,,,3.75, 海本,fuqianran
3846,4.5,329,,,3.75, 海本,ivymew
507,,318,,98,3.76, 本科Top30 211,ethanle
3419,,315,,99,3.76, 海本,stu1130
2817,3,320,,100,3.76, 海本,0.0sun
3989,,323,,100,3.76, 海本,djn658
4018,3,320,23,105,3.76, 本科其他211,Smush
1370,,325,24,107,3.76, 本科Top15 211,sherry900629
3540,4,333,23,111,3.76, 本科：北大，清华，科大，中科院，特色学校牛专业,xf814
3977,3.5,326,,111,3.76, 本科：南大，浙大，复旦，上交,Junecesty
2524,3,327,,100,3.77, 本科Top15 211,zzw
2823,3.5,327,23,106,3.77, 本科：南大，浙大，复旦，上交,gaoyuan19930220
2318,,319,,107,3.77, 本科Top15 211,citystrawman
531,3.5,320,20,108,3.77, 本科：南大，浙大，复旦，上交,罗大宝
38,,,,,3.77, 海本,纯子练气性
1391,3,315,19,97,3.78, 本科Top30 211,xuzhiyuan1528
3898,3,326,,107,3.78, 本科：北大，清华，科大，中科院，特色学校牛专业,yuanfang0524
576,3.5,327,23,111,3.78, 海本,HackerYoung
1180,,,,,3.78, 本科Top30 211,hhhhchen
1986,,317,,91,3.79, 本科非211,bentan_007
4162,3.5,317,23,100,3.79, 本科Top30 211,kendy1992
3378,3,327,22,107,3.79, 本科Top15 211,213123418
43,,327,24,108,3.79, 本科Top30 211,Clarence_Zh
3198,4,335,,114,3.79, 海本,mralwaysright
2776,,319,19,94,3.8, 本科Top15 211,songhm
270,,323,,95,3.8, 本科Top30 211,littlerr
3076,,322,,100,3.8, 本科Top15 211,倚天开鞘
3966,3.5,318,,100,3.8, 本科：南大，浙大，复旦，上交,hexiangh
474,3,323,20,102,3.8, 本科：北大，清华，科大，中科院，特色学校牛专业,zhujf553
80,3.5,326,23,102,3.8, 本科Top30 211,wtwolfprince
439,3.5,322,24,102,3.8, 本科Top15 211,omegaga
4248,3.5,321,23,103,3.8, 本科Top15 211,lplrobert
481,3,329,24,103,3.8, 海本,sunlei_1993
2323,,324,26,103,3.8, 本科Top15 211,CharlesLeeSysu
4058,3,327,,103,3.8, 本科：南大，浙大，复旦，上交,kittenh2o
532,3,321,26,104,3.8,,xchenan
1961,,127,,104,3.8, 本科：南大，浙大，复旦，上交,CindyWen
4098,3.5,323,,105,3.8, 海本,raypeng
2094,4,328,22,106,3.8, 本科：南大，浙大，复旦，上交,李十一次郎
1976,3,324,,106,3.8, 本科Top30 211,determing
3901,3.5,326,23,107,3.8, 本科Top15 211,A_nonymous
345,3,324,22,108,3.8,,sjh2011
343,3,329,,108,3.8, 本科Top15 211,heroic
623,3,329,23,110,3.8,,wcyz666
876,5,322,,113,3.8, 海本,sliu0915
17,,,,,3.8, 海本,mrlinkin99
366,3.5,318,,,3.8, 海本,annierzhou
685,,,,,3.8, 本科Top15 211,whitelez
1956,3,320,,,3.8, 本科非211,jiaowcg88
2540,,,,,3.8, 海本,firstfish1993
2746,,,,,3.8, 本科其他211,pirateshadow
3891,,,,,3.8, 本科：南大，浙大，复旦，上交,caris_lac
4165,,,,,3.8, 海本,tomatojam
3094,3,330,20,100,3.81, 本科Top30 211,hjj123567
1116,3.5,315,,100,3.81, 本科Top30 211,moonsky219
33,3,321,,102,3.81, 本科Top15 211,Frankluo
3187,,321,,102,3.81, 本科Top30 211,davidzxs
802,3.5,319,20,103,3.81, 本科：南大，浙大，复旦，上交,jxzhuge12
262,3.5,331,22,104,3.81, 本科Top30 211,jacie
3671,3,321,,100,3.82, 本科Top30 211,翱翔天空的蜗牛
3433,3,324,22,102,3.82, 本科：南大，浙大，复旦，上交,zjhzjhzjh1026
3805,3,321,22,103,3.82, 本科非211,AbelJiang
42,4,330,26,105,3.82, 本科Top15 211,bzplbn
129,,,,,3.82, 本科：南大，浙大，复旦，上交,kevinkaizhou
3416,,,,,3.82, 海本,small.buxie
1149,3,321,,96,3.83, 本科Top15 211,蓝色蝶殇
2787,3,309,23,97,3.83, 本科Top15 211,ryan7six
840,3.5,323,,100,3.83, 海本,jinfang
1292,3,319,,100,3.83, 海本,csy921125
2845,4,323,,100,3.83, 海本,CoolCapri92
4104,3,323,23,102,3.83, 本科：南大，浙大，复旦，上交,yanghanyu1m3fd
4190,3.5,323,23,102,3.83, 本科Top30 211,lxao
4236,5,325,,107,3.83, 本科非211,stk2010
4055,3.5,323,,108,3.83, 本科：北大，清华，科大，中科院，特色学校牛专业,Zhengyuan.Yang
3059,,326,,,3.83, 海本,truffer
2951,3,321,22,103,3.84, 本科其他211,Susan627
3812,2.5,322,,96,3.85, 本科Top30 211,Sooniy
4187,3,322,,99,3.85,,junjunsky
658,3,319,22,102,3.85, 本科：南大，浙大，复旦，上交,littlekobewx
2875,3.5,322,,102,3.85, 本科Top30 211,sdlcenjoy
794,3.5,328,19,104,3.85, 本科Top15 211,ghost33
2879,3,328,23,106,3.85, 本科：南大，浙大，复旦，上交,firebb
3974,4,327,22,108,3.85, 海本,ignescent
40,3.5,324,26,110,3.85, 本科Top15 211,Lorreina
2107,,,,,3.85, 本科：南大，浙大，复旦，上交,musteryu
4143,,318,,92,3.86, 本科：南大，浙大，复旦，上交,a554b554
843,3,330,,,3.86, 海本,lanseyyu
2553,,326,,,3.86, 海本,jerrywangzi
2385,3,322,20,101,3.87, 本科：南大，浙大，复旦，上交,namelessness
2099,4,329,,,3.87, 海本,terryliutc
3941,,,,,3.87, 本科：南大，浙大，复旦，上交,yhcbme
4286,5,330,,,3.87, 海本,elrohirrocks007
804,3,319,18,94,3.88,,hzhzchengy
3971,,320,,102,3.88, 本科Top30 211,punkl
3861,3.5,331,22,104,3.88, 本科Top30 211,飞天小女鬼
508,3.5,323,,109,3.88, 本科Top15 211,苹果
4141,3.5,323,24,110,3.88, 本科：南大，浙大，复旦，上交,Thorium
3124,3,323,22,99,3.89, 本科Top30 211,orange_leave
1036,,,,100,3.89, 海本,aoisky
3893,3,321,19,102,3.89, 本科其他211,daiker
2701,3,327,22,104,3.89, 海本,洗脑进行中
2762,,325,,105,3.89, 海本,ailsa4v
978,4,328,,111,3.89,,zcrunsun
265,,326,27,113,3.89, 海本,baibai88
649,,325,,,3.89, 海本,414337290
2114,2.5,318,,,3.89, 海本,wlj2100
504,3,322,20,95,3.9, 本科其他211,geminiiiiiii
498,4,330,,100,3.9, 海本,let_it_be
2487,3,322,23,104,3.9, 本科Top15 211,eve178
2881,3.5,324,22,105,3.9, 本科：南大，浙大，复旦，上交,nblintao
3662,3,323,24,105,3.9, 本科：南大，浙大，复旦，上交,Bran
46,3.5,323,,105,3.9, 本科Top15 211,liyanhui1228
1079,3.5,317,,106,3.9, 海本,shangmo
4054,3,334,,107,3.9, 本科其他211,wty60215
312,3,,24,108,3.9, 本科Top30 211,月涌大江流
2878,3,332,24,108,3.9, 本科：北大，清华，科大，中科院，特色学校牛专业,levythu
3639,,332,,109,3.9, 本科：南大，浙大，复旦，上交,vivian001
2010,,329,24,111,3.9, 海本,zblzcj
389,5,327,,,3.9, 海本,BillyLoc
2233,3,328,,,3.9, 海本,lwill
2455,,,,,3.9, 本科Top15 211,linjiaweiok
2598,,,,,3.9, 海本,ann_good2005
3130,,,,,3.9, 海本,seanxl
3506,,,,,3.9, 本科：北大，清华，科大，中科院，特色学校牛专业,lxtlppl920
3642,,,,,3.9, 海本,HyperZealot
1919,3,324,,95,3.91, 本科非211,ggoddawn
4249,3,323,,104,3.91,,Believers
700,4.5,331,,,3.91, 海本,tangyuhan123
2097,,,,,3.91, 本科：南大，浙大，复旦，上交,锦字难偶
2220,3,325,,,3.91, 海本,wuditharll
3431,3.5,329,22,97,3.92, 本科Top30 211,GetMeNow
279,,320,,100,3.92, 本科：南大，浙大，复旦，上交,wave4721
84,4,322,23,104,3.92,,yucheyang2
77,,311,,,3.92, 海本,gretchency
3471,3.5,324,,,3.92, 海本,billlipeng
4075,3.5,325,22,106,3.93, 本科：南大，浙大，复旦，上交,yyuar
2315,3.5,322,,,3.93, 海本,hopezmr
2669,3,316,23,94,3.94,,punk86862011
381,,,,,3.94, 本科：南大，浙大，复旦，上交,wy348202265
719,,,,,3.94, 本科：北大，清华，科大，中科院，特色学校牛专业,konlzp
4073,4,327,,,3.94, 海本,caiqizhe
3666,3.5,324,20,106,3.95, 海本,si_rius
3359,4,328,24,106,3.95, 本科Top15 211,vitamin78
1039,,328,,108,3.95, 本科Top30 211,yy80884676
3017,,,,,3.95, 本科：南大，浙大，复旦，上交,imdn
146,3.5,324,24,105,3.96, 本科Top15 211,BooOnnies
2714,,327,,106,3.96, 本科Top15 211,slothOn
2098,3.5,324,,109,3.96, 本科：南大，浙大，复旦，上交,laurantmanaco
170,4,324,22,106,3.97,,acsalu
4097,,327,26,113,3.97, 海本,aaacabad
3530,,,,,3.97, 海本,zznhacker
376,3.5,315,17,98,3.98, 本科Top30 211,firefighter
3911,4,324,,107,3.98, 海本,jiaqigu
2957,,325,,109,3.98, 本科：南大，浙大，复旦，上交,zhangwengame
2764,4,328,23,110,3.99, 海本,MayYao
523,4.5,327,,114,3.99, 海本,perfectionming
4138,4,328,,,3.99, 海本,lixx29381031
2723,3.5,331,,105,4, 海本,顶塔狂魔黄继光
454,4,322,,,4, 海本,Naruremodopris
627,3,319,22,93,3.3, 本科：南大，浙大，复旦，上交,甘蓝白芷
3766,3.5,325,,104,3.92, 本科Top15 211,yuxz
3836,3,317,23,102,72.7, 本科Top30 211,liuhanyu1030
103,,326,,100,73, 本科其他211,justkz
4254,3.5,318,,94,75, 本科Top15 211,clxiangg
2113,,317,,105,75, 本科：北大，清华，科大，中科院，特色学校牛专业,wwxhero
1325,3.5,320,19,98,76, 本科：北大，清华，科大，中科院，特色学校牛专业,mayyyyyy
621,3,309,23,98,77.7, 本科Top15 211,xcheee
1871,2.5,308,19,82,79,,U.S.A
538,,317,,94,79, 本科：北大，清华，科大，中科院，特色学校牛专业,bigkiss0604
860,3,319,,96,79, 本科Top30 211,Meile
4156,3,322,19,102,79, 本科：北大，清华，科大，中科院，特色学校牛专业,liudangyi
2613,3,322,,106,79.3, 本科Top30 211,pplayboyy
3477,2.5,315,,84,80, 本科Top15 211,xust
2547,3,312,17,85,80, 本科Top30 211,zhuzhuhoho
3984,3.5,332,23,106,80, 本科：北大，清华，科大，中科院，特色学校牛专业,guaguazeezon
2856,,327,,112,80, 本科：北大，清华，科大，中科院，特色学校牛专业,nickdgu
1134,,,,,80, 本科其他211,kraks
3120,,,,,80.1, 本科Top15 211,tyrionz
1092,,,,,80.88, 本科Top30 211,nnq
924,3.5,324,18,96,81, 本科：南大，浙大，复旦，上交,FutureCo
4136,2.5,316,23,98,81, 本科Top30 211,qzheng93
665,3,322,23,100,81, 本科：北大，清华，科大，中科院，特色学校牛专业,markieff
831,3,321,,101,81, 本科其他211,destyfog
1050,3,319,,101,81, 本科：南大，浙大，复旦，上交,zhuce_yige
4270,3,321,22,102,81, 本科Top15 211,silence_shadow
697,3,321,,105,81, 本科Top30 211,lucyjuicy
2212,3,319,,81,81.11, 本科其他211,jqbym
307,3,319,23,101,81.3, 本科非211,jessiehahahaha
853,3.5,315,19,103,81.3,,dc_726
4013,,,,,81.62,,THeCrusader
115,,327,24,93,82, 本科Top15 211,loloxfx
923,3,309,19,100,82, 本科：南大，浙大，复旦，上交,jack213
4124,3,318,19,101,82, 本科其他211,ShalynChin
613,,328,,106,82, 本科Top30 211,cicean
401,3,318,22,107,82, 本科非211,Emerson_Ding
311,,,,100,82.38, 本科其他211,swangel
3112,3.5,320,23,96,82.6, 本科Top15 211,超凡奇岩
3446,,,,,82.8, 本科：北大，清华，科大，中科院，特色学校牛专业,qwerte
3884,,,,,82.8, 本科：北大，清华，科大，中科院，特色学校牛专业,2538752252@qq.c
642,3,314,,91,83, 本科Top30 211,ChaosandCosmos
770,3,318,19,97,83, 本科：北大，清华，科大，中科院，特色学校牛专业,JEC726
3864,3,322,23,101,83, 本科：南大，浙大，复旦，上交,TheBlackMamba
4026,3,322,23,101,83, 本科Top15 211,glkwhr
2660,,323,,101,83, 本科Top30 211,sensir
258,3,316,,103,83, 本科：南大，浙大，复旦，上交,tq5124
1476,3,316,,103,83, 本科：北大，清华，科大，中科院，特色学校牛专业,fillchar
1277,3,316,26,105,83, 本科：北大，清华，科大，中科院，特色学校牛专业,mqcherry
1365,,322,,105,83, 本科Top15 211,kcidymckus
2074,3,323,22,97,83.1, 本科Top30 211,李土它
1203,3,319,19,100,83.3, 本科Top15 211,listen8019
2401,,,,,83.37, 本科Top15 211,Alfredfeng
2037,3.5,317,19,105,83.4, 本科：南大，浙大，复旦，上交,tsuruya
2578,,316,22,96,83.5, 本科其他211,oumizx
4272,3,315,23,96,83.5, 本科其他211,li3yang3
4086,4,314,,100,83.7, 本科其他211,ignorer
674,3,326,22,105,83.7, 本科Top15 211,sunnyyuen
3610,3,329,,93,83.81, 本科Top15 211,Psycho
175,3.5,327,23,109,83.9, 本科非211,onlyforreg
337,,319,22,91,84, 本科Top30 211,rackingroll
1259,,318,,92,84,,z1994
2935,,321,,97,84, 本科非211,2003moon
3865,3,309,22,100,84, 本科非211,unimuji
281,3.5,324,22,102,84, 本科其他211,riskjunk
4025,3,323,22,102,84, 本科：南大，浙大，复旦，上交,烫烫烫烫烫
3781,3,321,24,104,84, 本科：南大，浙大，复旦，上交,象象sherry
378,3,327,23,109,84, 本科：南大，浙大，复旦，上交,lutianhan08
1893,3,327,23,109,84, 本科：北大，清华，科大，中科院，特色学校牛专业,saeryn
405,,,,,84, 本科其他211,nickyzhi
2780,,,,,84, 本科Top15 211,Michelleeeeee
4121,3.5,322,,103,84.3, 本科Top30 211,聚散浮云
1966,,318,,105,84.3, 本科非211,Aix
3776,,325,,103,84.31, 本科Top30 211,Amaolll123
938,3,322,20,99,84.4, 本科Top30 211,lunarscar
185,3,313,,105,84.4, 本科Top30 211,lanabc
528,3,320,22,92,84.5, 本科Top30 211,vicky95
2702,,322,,102,84.5, 本科Top30 211,wy3966
1503,3.5,323,23,101,84.56, 本科：北大，清华，科大，中科院，特色学校牛专业,vzhudiv
335,3,326,26,106,84.64,,chen482
661,3,322,22,93,84.7, 本科：北大，清华，科大，中科院，特色学校牛专业,ccty2013
2739,3.5,315,23,100,84.7, 本科其他211,wanghx
1076,,322,23,101,84.8, 本科Top30 211,ypandxy
2280,3,319,23,101,84.8, 本科其他211,仔仔同学等offer
4181,3.5,319,22,107,84.85, 本科：南大，浙大，复旦，上交,Determinant
733,,326,,91,85, 本科其他211,Howie
187,3,313,23,93,85, 本科：北大，清华，科大，中科院，特色学校牛专业,北方的精灵
2080,3,316,19,94,85, 本科Top15 211,ywhust
1077,3,320,,94,85, 本科非211,刘心惠
959,3,322,20,95,85, 本科Top30 211,409661331
2173,3,315,20,96,85, 本科Top15 211,潇湘pooh
3258,3,322,19,97,85, 本科Top15 211,MapleZ
2382,3.5,320,23,99,85, 本科Top30 211,chuck_long
3707,,321,,99,85, 本科Top30 211,yuhaichao10
2250,,309,,100,85, 本科Top15 211,s360564346
2577,3,320,22,101,85, 本科Top30 211,SherryYu
2549,3.5,324,,102,85, 本科：南大，浙大，复旦，上交,xyh
3069,,320,,102,85, 本科Top30 211,soarbus
3592,3.5,315,,102,85, 本科：南大，浙大，复旦，上交,luke_recluse
3230,4,320,23,104,85, 本科非211,adrianluan
3659,3,319,24,104,85, 本科：北大，清华，科大，中科院，特色学校牛专业,northaqua
2671,3.5,329,24,105,85, 本科Top30 211,pwwpcheng
1869,3,331,,105,85,,jigsaw_Becky
1250,3.5,319,22,106,85, 本科其他211,CeciliaM
331,3.5,321,23,106,85, 本科：北大，清华，科大，中科院，特色学校牛专业,ppks710
3902,4,330,23,106,85, 本科：北大，清华，科大，中科院，特色学校牛专业,muzac
3501,3.5,327,,106,85, 本科Top30 211,dvida
2497,3.5,326,,107,85, 本科Top30 211,tyraell
2150,,326,,109,85, 本科Top30 211,marooned
2719,4,326,27,112,85, 本科：南大，浙大，复旦，上交,smilingsoul
3596,,,,,85, 本科Top15 211,vision._.
3799,,319,,,85, 本科：南大，浙大，复旦，上交,121270302
3115,3.5,325,23,108,85.2, 本科：南大，浙大，复旦，上交,yevita
3916,,,,,85.2, 本科：南大，浙大，复旦，上交,onion1222
3228,3.5,321,,90,85.4, 本科Top30 211,multicia
529,3,318,20,99,85.4, 本科非211,cocoabean
4200,3,329,,101,85.4, 本科非211,hoppipollaa
2614,,314,,86,85.5, 本科Top30 211,wad
3843,3,321,22,98,85.5, 本科Top15 211,snowclover
4003,3,324,20,101,85.5, 本科：南大，浙大，复旦，上交,coolxiaobaby
322,3.5,324,,104,85.5, 本科非211,壹心向佛
3851,3.5,320,23,109,85.5, 本科Top15 211,ponbers
2916,,,,,85.5, 本科：北大，清华，科大，中科院，特色学校牛专业,tom10ye
416,3,326,22,100,85.6, 本科：南大，浙大，复旦，上交,tong-1324
4145,3,329,20,103,85.6, 本科Top15 211,download1992
551,,326,,110,85.68,,fasthall
3180,3,321,22,101,85.7, 本科Top30 211,lilyya
3788,,,,,85.8, 本科Top30 211,ARUI35
3132,,322,,82,86, 本科Top15 211,nappingbird
215,3,315,,90,86,,shuier616
3216,,321,,91,86, 本科Top30 211,huangyy1995
3759,3,317,22,93,86, 本科Top30 211,zhangxiaomo
1301,3.5,319,20,94,86,,UCLA_andy
2528,3,314,,94,86,,jasoncn123
2206,2.5,319,,96,86, 本科Top30 211,lilydiaz
1450,3,325,19,97,86, 本科Top15 211,hikigeki
2405,3,327,19,99,86, 本科Top15 211,clownxiao
2796,3,324,18,100,86, 本科：北大，清华，科大，中科院，特色学校牛专业,Casesensiti
3886,3,323,,100,86, 本科Top15 211,skygaze
443,3,318,22,101,86, 本科Top15 211,lmstc16lmstc16
1008,3,326,23,105,86, 本科Top30 211,fengzhiyu17
4264,3,325,23,105,86, 本科Top15 211,mondayjun
437,3,332,,108,86, 本科Top30 211,坑仔
2838,3.5,331,24,109,86, 本科：北大，清华，科大，中科院，特色学校牛专业,naco_siren
327,,,,,86, 本科Top15 211,narcotic
465,,,,,86, 本科Top15 211,Joyce5211
920,,,,,86, 本科Top15 211,butzhang
2645,3,318,,,86, 本科Top30 211,kristenwang23
4268,3,323,22,101,86.14, 本科：南大，浙大，复旦，上交,FFFelix
411,4,316,22,103,86.16, 本科Top30 211,azbycxdz
836,3,319,23,104,86.2, 本科：南大，浙大，复旦，上交,nienty
2338,3,322,23,105,86.21, 本科Top15 211,y6180070
1162,,318,22,98,86.3, 本科Top30 211,allenjack123
2999,3.5,330,24,108,86.33, 本科Top15 211,darkknight18
2075,3,320,,104,86.38, 本科Top15 211,dongsgnod
9,3,320,22,92,86.39, 本科Top15 211,anim20
3765,3.5,324,,100,86.4, 本科Top30 211,yzhang2
4185,,322,22,102,86.5,25%,guolei329
4010,,323,,99,86.6, 本科Top15 211,TWFF
1059,,,,,86.67, 本科Top30 211,alanthink
2096,3,324,24,105,86.7, 本科Top15 211,JBY2016
441,3,323,24,106,86.7, 本科：南大，浙大，复旦，上交,静月流光
414,3,323,23,109,86.7, 本科：南大，浙大，复旦，上交,gc1993114
3133,,,,,86.7, 本科：北大，清华，科大，中科院，特色学校牛专业,家花没有
1472,3,315,22,96,86.75, 本科Top15 211,工图新一
1434,3.5,327,22,109,86.76, 本科Top30 211,小蝈蝈
3320,3,324,23,97,86.8, 本科Top30 211,shijianshi9860
438,,318,22,101,86.8, 本科Top15 211,披着马甲的菠菜
1487,3.5,323,22,101,86.8, 本科Top30 211,Kevin946939
2489,4,318,,103,86.81, 本科Top15 211,阿童木
2130,3,322,,101,86.9, 本科Top30 211,wnbaicai
3377,3.5,326,22,104,86.9, 本科：北大，清华，科大，中科院，特色学校牛专业,jimmy94z
3915,3.5,322,20,107,86.9, 本科：南大，浙大，复旦，上交,onward
3235,3,318,26,109,86.93, 本科：南大，浙大，复旦，上交,ycai
464,,,,,86.96, 本科Top15 211,alphard
574,3,314,20,90,87, 本科非211,玉宇清澄
4152,3,320,17,91,87, 本科Top30 211,stephenshaw
908,3,315,,92,87, 本科非211,zachzhao
496,,315,,93,87, 本科Top15 211,hymhjh
693,3,321,,94,87, 本科Top30 211,fateacher
3857,4,323,19,95,87, 本科其他211,zhanglixue
3400,3,324,20,97,87, 本科Top15 211,SCIN
1449,3,320,23,100,87, 本科Top30 211,zhangdakan
361,3,323,20,102,87, 本科：南大，浙大，复旦，上交,snow_sword
514,3,323,22,102,87, 本科Top15 211,nanmanxiaozhu
346,3,316,23,102,87, 本科Top15 211,vincentwizard
726,,320,,102,87, 本科非211,nirelle
835,,319,,102,87, 本科其他211,yhfyhf
3718,3.5,322,,102,87, 本科Top15 211,Simonzz
4163,,323,,102,87, 本科：南大，浙大，复旦，上交,LockOn
248,3.5,319,23,103,87, 本科Top30 211,norafang
4266,,327,22,104,87, 本科Top30 211,lixin99830
3341,3.5,327,23,104,87, 本科Top15 211,shchshhappy
355,4.5,331,,104,87, 本科：南大，浙大，复旦，上交,wayof
4135,3,319,,105,87, 本科：南大，浙大，复旦，上交,784399458
3157,3.5,328,,106,87, 本科Top30 211,Mr.Lin
256,3,320,24,108,87, 本科Top30 211,snooze
731,3,330,22,110,87, 本科Top15 211,eumenides1111
1253,4,323,28,117,87, 本科：南大，浙大，复旦，上交,面无表情
1119,,,,,87, 本科Top30 211,Pandaman
3983,,,,,87, 本科：北大，清华，科大，中科院，特色学校牛专业,nonsense
4276,4,323,19,103,87.1, 本科Top15 211,zxdxjtu
396,3,327,22,103,87.1,,honiess
3658,3,309,20,95,87.19, 本科：北大，清华，科大，中科院，特色学校牛专业,zxuqian
1247,3,327,22,103,87.2, 本科Top30 211,jodeapple
901,3,316,24,100,87.22, 本科Top15 211,unclemoe
249,3,319,18,101,87.3, 本科Top30 211,messyji
583,3,321,,101,87.3,,wwtwxlwjh
3177,,,,,87.3, 本科Top15 211,人卓卓
705,3.5,333,22,107,87.4, 本科：南大，浙大，复旦，上交,Khryl
3342,3,324,22,108,87.41, 本科其他211,LydiaLiu
3947,3,326,27,105,87.5, 本科Top15 211,木种风
671,3.5,328,23,104,87.53, 本科Top30 211,Reggie
517,3,319,22,101,87.54, 本科Top30 211,usa521
1065,3,321,27,109,87.56, 本科Top30 211,yifan0129
4139,,318,,97,87.6, 本科：南大，浙大，复旦，上交,kang205
4122,4,322,24,109,87.7,,snowmanlarry
2772,,322,,111,87.7, 本科Top30 211,南方Giraffe
4292,3.5,325,,100,87.74, 本科Top30 211,sagefrog
4212,3,317,22,100,87.79, 本科Top15 211,fallcreek
1878,3,328,19,98,87.9, 本科Top30 211,Hellcat
4247,4,330,,107,87.9, 本科：北大，清华，科大，中科院，特色学校牛专业,sunshinechar
639,,322,23,88,88,,zzj
179,4,309,,95,88, 本科：南大，浙大，复旦，上交,wyjzhi89
2763,,316,22,96,88, 本科其他211,潜水小鱼
513,3,316,20,97,88, 本科非211,Yuao_Liu
775,3.5,316,,98,88,,lazino
4099,,317,,101,88, 本科：南大，浙大，复旦，上交,ksampply
555,3,323,20,102,88, 本科：北大，清华，科大，中科院，特色学校牛专业,luang008
420,3,318,22,102,88, 本科Top15 211,huiyuning
468,3,330,23,102,88, 本科Top30 211,CYCY
314,,320,,103,88, 本科其他211,rydgelee
3654,,327,,103,88, 本科Top30 211,o0V0o
3840,4,321,,103,88, 本科Top30 211,哭泣绝望的人生
1101,3,320,19,104,88, 本科Top15 211,bryanjhy
4087,4,322,24,106,88, 本科：南大，浙大，复旦，上交,qzpm1234
2678,,321,,106,88, 本科其他211,jihengzuanyong
3060,3,325,22,107,88, 本科Top30 211,wjc
2709,3.5,324,23,108,88, 本科其他211,ctrlaltdelete
515,3.5,322,24,108,88, 本科：南大，浙大，复旦，上交,ChanCheng
577,4,326,,109,88, 本科：北大，清华，科大，中科院，特色学校牛专业,zhoujl10
2424,3.5,324,,112,88, 本科：南大，浙大，复旦，上交,rafaliang
417,,,,,88, 本科Top15 211,sdudxf
3338,,,,,88, 本科Top15 211,sr931112
3721,,,,,88, 本科：南大，浙大，复旦，上交,kayone
1511,,,,,88.05, 本科Top15 211,小夹子
2353,,,,,88.2, 本科Top30 211,zhaotong0312
3688,4,325,20,101,88.26, 本科Top30 211,a751543751
3289,,321,,97,88.28, 本科Top15 211,liukejun
3783,3,322,22,103,88.3, 本科：南大，浙大，复旦，上交,664077398
600,3.5,322,,104,88.3, 本科：南大，浙大，复旦，上交,hsama
2421,3,324,20,105,88.3, 本科Top30 211,aaaakristy
734,3,327,,105,88.3, 本科：北大，清华，科大，中科院，特色学校牛专业,syf921006
3194,3.5,320,23,100,88.4, 本科：南大，浙大，复旦，上交,tinyrookie
3999,,,,,88.4, 本科Top15 211,justoy
3143,3,318,,95,88.45, 本科：南大，浙大，复旦，上交,raxowei
851,,325,19,94,88.5, 本科Top30 211,Dobby
2418,3,325,20,99,88.5, 本科Top30 211,mpgszhyh
2815,,322,22,101,88.5, 本科Top15 211,tinysunhj
3142,,,,,88.5,,xsh6528
3940,3,321,20,105,88.58,,JohnHolmes
3183,2.5,322,23,100,88.6,,liute62
1462,3.5,322,23,105,88.6,,JerryCheung
3406,3.5,330,,111,88.6, 本科Top15 211,whoopss
408,,,,,88.65, 本科：南大，浙大，复旦，上交,南方的狼
3555,3,322,22,101,88.7, 本科Top30 211,yhy4567345
1429,3,320,20,102,88.7, 本科：南大，浙大，复旦，上交,ShawnG
375,3,331,23,101,88.9, 本科其他211,wangxiaohuigre
3399,,,,,88.9, 本科Top15 211,飞翔企鹅
3408,,,,,88.96, 本科Top15 211,shenzhu0127
830,3,323,,95,89, 本科Top30 211,风景园
506,3.5,320,23,99,89,,HappyZhou
2666,3.5,317,,99,89, 本科非211,JingW0212
3326,3,318,19,100,89, 本科Top30 211,Had
75,3,321,23,100,89, 本科Top30 211,whdawn
1280,3,321,23,100,89, 本科：北大，清华，科大，中科院，特色学校牛专业,UpDownDOTA
488,3.5,320,23,101,89, 本科其他211,whyvic13
1937,,320,,101,89, 本科Top15 211,wjq987564321
3411,,325,,102,89, 本科Top15 211,cathvoilet
1007,3,321,23,103,89, 90/100),albja
626,3.5,327,22,104,89, 本科：南大，浙大，复旦，上交,cuchulainnut
3340,4,330,23,104,89, 本科Top15 211,ab123dop
4277,3,323,23,104,89, 本科：北大，清华，科大，中科院，特色学校牛专业,terrykey
2419,3,322,20,105,89, 本科其他211,chuanshuozhiyi
4031,,324,,105,89, 本科其他211,smiling2727
484,4,317,20,106,89, 本科Top15 211,fwtan
573,3,325,24,106,89, 本科其他211,ArtisticLife
489,3.5,318,26,106,89, 本科Top15 211,bjtuharris
2853,4,333,23,107,89, 本科非211,adsafsadf
2708,,332,,107,89, 本科Top15 211,离人笑
409,3.5,321,23,108,89, 本科Top15 211,gynirvana
388,3,327,24,110,89, 本科Top15 211,linaohan1993120
3489,,,,,89, 本科：南大，浙大，复旦，上交,gibson314
227,3,325,22,103,89.2, 本科其他211,Paulnet
3593,3.5,325,23,107,89.2, 本科：南大，浙大，复旦，上交,JackXia
1329,4,321,23,108,89.2, 本科：北大，清华，科大，中科院，特色学校牛专业,leyichm
2782,3,319,23,106,89.22, 本科Top15 211,Harlan
3144,3.5,329,24,111,89.3, 本科Top30 211,hk060655
3156,,,20,96,89.5, 本科其他211,wsyhya
3158,3.5,320,,98,89.5, 本科：北大，清华，科大，中科院，特色学校牛专业,hcl0601
415,3.5,317,,100,89.5, 本科Top30 211,miss_snow
3591,3,315,,95,89.6, 本科非211,supersam1993
2119,,316,,98,89.6, 本科其他211,cc9895
2530,3.5,324,22,100,89.72, 本科Top30 211,jiangxu456
492,3,325,23,103,89.72,,ForTheAC2015
458,3.5,325,23,102,89.86,,gjxwin
2312,,324,23,102,89.89, 本科Top30 211,hi_ydy
751,3,319,,90,89.9, 本科Top30 211,zyy20853
332,3,327,23,105,89.9, 本科Top30 211,dolphin_wby
2368,3,320,,103,89.95, 本科其他211,黄金霸者
1281,3,321,,93,90, 本科：南大，浙大，复旦，上交,New613Life
859,,318,22,98,90, 本科Top30 211,yzy123
462,3,323,,100,90, 本科Top30 211,么凹
521,,320,,100,90, 本科：南大，浙大，复旦，上交,jessicaji
1417,,,,101,90, 本科Top30 211,一席寂然
580,3,321,22,102,90, 本科Top30 211,默de途
1179,3.5,324,22,102,90, 本科非211,wtyelu
3934,3,330,,103,90, 本科Top30 211,jisong_L
935,3.5,321,,104,90, 本科：南大，浙大，复旦，上交,鸣翠柳的阿狸
2662,3,322,,104,90, 本科：南大，浙大，复旦，上交,itsjoox
2221,3,327,,105,90, 本科Top15 211,ljzml
350,3,325,,106,90, 本科：北大，清华，科大，中科院，特色学校牛专业,helloshch
548,3.5,331,,106,90, 本科：南大，浙大，复旦，上交,jerryzh
3211,3.5,325,23,107,90, 本科Top30 211,凝弦望夜
418,3.5,328,24,107,90, 本科Top30 211,zl9394
3634,3,322,23,108,90, 本科：北大，清华，科大，中科院，特色学校牛专业,zjlxwudan
450,4,326,23,109,90, 本科：南大，浙大，复旦，上交,罹年
1064,3,331,22,111,90, 本科：北大，清华，科大，中科院，特色学校牛专业,Fantasy
357,4,332,24,111,90, 本科：南大，浙大，复旦，上交,33300qq
2226,,320,,111,90, 本科Top30 211,燃烧男
353,,,,,90, 本科Top15 211,poiiopppooii
1993,,,,,90, 本科非211,ssphia
3507,,,,,90,,toutouliu
334,3,321,20,102,90.2, 本科Top15 211,mikeyangh1992
3339,,,,,90.22, 本科Top30 211,telotic
3420,3,321,,100,90.3, 本科其他211,ps2che
435,3.5,320,22,101,90.3, 本科Top30 211,sam2015
973,3,328,23,108,90.3, 本科：北大，清华，科大，中科院，特色学校牛专业,breezet
2044,3,325,22,100,90.4, 本科：北大，清华，科大，中科院，特色学校牛专业,goha111
841,,,,,90.5, 本科Top30 211,vivienerwen
904,,319,24,102,90.55,,alex1256
3873,4,337,23,110,90.6, 本科Top30 211,换一种心情
4173,3,319,22,102,90.67, 本科：南大，浙大，复旦，上交,CrystalHu
360,3.5,329,23,104,90.8, 本科其他211,AIw0916
1983,,322,,105,90.88, 本科其他211,yzcaoye
274,3.5,314,23,95,91,,云绾Yuqing
4218,3,322,19,100,91, 本科Top15 211,lucien1227
4224,3.5,319,20,102,91, 本科：北大，清华，科大，中科院，特色学校牛专业,S2freelly
427,3.5,326,24,103,91, 本科：南大，浙大，复旦，上交,Dayflower
725,,318,23,104,91, 本科Top30 211,Coco_Yang
1376,,323,,105,91, 本科Top15 211,wanghwadad
3334,4,325,,109,91, 本科：南大，浙大，复旦，上交,bingo1995
3549,,329,,109,91, 本科Top15 211,464647730
2882,4,327,,110,91, 本科：北大，清华，科大，中科院，特色学校牛专业,phisiart
4045,3.5,323,,111,91, 本科：南大，浙大，复旦，上交,hmy9307
4103,4,331,,115,91, 本科：南大，浙大，复旦，上交,chris_tine
1272,3.5,333,,119,91, 本科：北大，清华，科大，中科院，特色学校牛专业,bessywang1993
188,,,,,91, 本科：南大，浙大，复旦，上交,sleepycactus
1063,3.5,320,20,95,91.1, 本科Top15 211,wawjchinawct
2829,,,,,91.2, 本科Top15 211,JimmyZ
588,3.5,324,20,99,91.4, 本科Top15 211,小赖、
358,3.5,320,23,107,91.4, 本科：南大，浙大，复旦，上交,JoeWest
495,4,327,20,106,91.5, 本科：北大，清华，科大，中科院，特色学校牛专业,wangsl11
3748,3.5,322,23,109,91.5, 本科Top30 211,冥王星上有点冷
4111,3,,,106,91.6, 本科：北大，清华，科大，中科院，特色学校牛专业,tyl5566
4217,3,322,22,107,91.7, 本科其他211,gxx
4242,3.5,325,22,110,91.8, 本科Top30 211,dwna555
586,3.5,329,23,108,91.9, 本科Top30 211,wryswa
3722,3.5,322,,95,92, 本科Top15 211,心上云霄
2093,3,323,,100,92, 本科Top15 211,y_form
3660,3.5,321,,103,92, 本科Top15 211,Clare_Snowy
1222,3.5,319,23,107,92, 本科Top15 211,nanaslipdada
3146,3.5,326,22,108,92, 本科Top15 211,zjcv2012
1548,3.5,327,22,101,92.2,,SophieLiu
3422,3,325,,104,92.3, 本科非211,Haikism
3716,,317,19,98,92.5,,zhangry868
2833,,320,,101,92.5, 本科非211,Collision
2899,3,315,22,93,92.6, 本科Top30 211,flyfollowing
3914,3,325,,105,92.7, 本科Top30 211,小六毛
2844,3,326,22,105,92.82, 本科Top15 211,sxm2357
782,,,,,93.12, 本科：北大，清华，科大，中科院，特色学校牛专业,Weissach
2015,4,325,23,106,93.3, 本科Top15 211,steveyang94
2023,4,328,20,105,93.51, 本科Top15 211,lym953
598,,,,,  , 本科：北大，清华，科大，中科院，特色学校牛专业,低调奢华
4065,3,322,22,101,3.75, 本科：北大，清华，科大，中科院，特色学校牛专业,且食蛤蜊
3837,3,320,,97,3.89, 海本,sstale
3197,,,,83,, 本科Top15 211,熊脚mm
2034,,310,,89,, 本科Top30 211,popolee
646,2.5,320,20,90,, 本科非211,alc9700
3552,,316,,90,, 本科Top30 211,woshijl58
2612,3,317,,91,, 本科非211,richkate
764,,317,18,92,, 本科Top15 211,kiru
956,2.5,313,20,92,, 本科Top15 211,xcw0420
1469,3,310,22,92,,,justin1534
1935,,320,,92,, 本科：南大，浙大，复旦，上交,靖海听潮
2810,,316,,92,, 本科其他211,jasonxzh818
4295,,319,,92,, 本科非211,FamerNine
148,2.5,320,19,93,, 本科其他211,ABAJ
196,3,320,20,93,, 本科其他211,努把力就申完了
302,,327,,93,, 本科非211,suosssss
680,3,310,,93,, 本科非211,魔链老大
101,,309,20,94,, 本科非211,HybridSuns
3172,,,22,94,, 本科其他211,stone1223
207,,317,,94,, 本科：北大，清华，科大，中科院，特色学校牛专业,yyyang
2950,,312,19,95,, 本科非211,hot13399
3885,3,320,22,95,, 本科Top15 211,790037775
2085,3,322,,95,, 本科Top30 211,Frank_ljw
2125,3.5,318,,95,, 本科Top30 211,amanda9819
3813,3,310,,95,, 本科：北大，清华，科大，中科院，特色学校牛专业,codingjam123
3773,3,322,19,96,, 本科其他211,lhpaul
1877,3.5,317,20,96,, 本科非211,tcsoo_
4085,3,312,,96,, 本科其他211,charwing
1127,3,320,19,97,, 本科Top15 211,forestwn
1220,3.5,329,22,97,, 本科：北大，清华，科大，中科院，特色学校牛专业,lhjbj
1069,3,319,23,97,, 本科非211,一米
22,,318,,97,, 本科Top15 211,WFGN
1992,,317,,97,, 本科Top15 211,brightyang
2291,,,,97,, 本科：南大，浙大，复旦，上交,7andsowhat
2638,,,,97,, 本科Top15 211,xiaojiujie
663,3,319,19,98,, 本科Top30 211,czhsuccess
502,3.5,328,20,98,, 本科Top15 211,coperdli
1973,,,,98,, 本科非211,msj6185
2042,3.5,319,,98,, 本科：南大，浙大，复旦，上交,Ciciright
3695,,319,,98,,,BonjourAdeo
1073,3,320,22,99,, 本科Top15 211,cqq2014
429,3,323,24,99,, 本科：南大，浙大，复旦，上交,blue_shut_grab
3599,3,317,,99,,,hss
3878,,322,,99,, 本科Top30 211,yjn
1270,3,319,20,100,,,neverland785
113,3.5,321,22,100,, 本科Top30 211,ppppudding
3867,,319,23,100,, 本科Top30 211,kk1331
116,,320,,100,, 本科Top30 211,qingzi1993
449,3.5,324,,100,, 本科：北大，清华，科大，中科院，特色学校牛专业,Tchief
500,4,329,,100,, 海本,tobyljj
635,3,323,,100,, 本科其他211,happyrabbit
636,3,320,,100,,,Pluto
643,4,322,,100,, 本科Top30 211,simba123
2513,,320,,100,, 本科其他211,ykben
2589,,318,,100,, 本科Top15 211,helen14
2791,,316,,100,, 本科非211,wakebb
2825,4,330,,100,, 本科Top30 211,ivanifan
3168,,324,,100,, 本科：北大，清华，科大，中科院，特色学校牛专业,ephemeron
3274,,328,,100,, 海本,vitac215
3457,,313,,100,, 海本,yuej
3855,,317,,100,, 本科Top15 211,小师妹
4193,3,327,,100,, 本科Top15 211,关渡手稿
2141,3.5,325,20,101,, 本科Top15 211,hitnoah
247,3,,22,101,, 本科Top15 211,lyle
1318,4,328,22,101,, 本科：北大，清华，科大，中科院，特色学校牛专业,J-Miao
3385,3.5,323,23,101,,,Evelyninjuly
4050,3,323,23,101,, 本科：南大，浙大，复旦，上交,BigOrange
27,,321,,101,, 本科Top30 211,xunyz
1238,3.5,323,,101,, 本科：南大，浙大，复旦，上交,nnwoshinn
2396,3,325,,101,,,h497018787
3246,,322,,101,,,tsaitao
3881,,321,,101,, 本科Top30 211,kany1111
4157,4,325,,101,, 本科：南大，浙大，复旦，上交,SapotoVector
939,,,22,102,, 本科Top30 211,Lilzy
3252,3,325,22,102,, 本科：南大，浙大，复旦，上交,chenmingda
3927,3,321,22,102,, 本科Top15 211,RanShall
4123,,317,22,102,, 海本,nyy86
338,3,327,23,102,, 本科Top15 211,lingyy
365,3.5,324,23,102,, 海本,筱瞳
2963,3,327,23,102,, 本科Top15 211,llixu
3186,3,323,23,102,, 本科Top15 211,samparly
3175,4,320,24,102,, 本科Top30 211,hyxlzyw
166,,319,,102,, 本科其他211,flamencoer23
617,3.5,322,,102,, 本科Top30 211,lalatiantian
1248,3,,,102,, 本科其他211,yiding2012
1297,3,323,,102,, 本科：南大，浙大，复旦，上交,laiguojiuhao
1424,,324,,102,, 海本,zhangjiweikiwi
3083,,3,,102,, 本科Top15 211,waftaves
3956,3.5,328,,102,, 本科其他211,flosea
4194,3,319,,102,, 本科：南大，浙大，复旦，上交,cissyjuice
2065,3.5,320,22,103,, 本科非211,Aloysia1225
683,,320,23,103,, 本科Top15 211,zyongbo
1215,3.5,320,23,103,, 本科：南大，浙大，复旦，上交,MMaiGRE
1416,3,321,23,103,,,aimar_07
2692,3,321,23,103,, 本科Top30 211,端倪
64,,330,,103,, 海本,ltd07
1944,3,320,,103,, 本科：南大，浙大，复旦，上交,理致远
2120,,321,,103,, 本科Top30 211,mt.Arch
3690,3,323,,103,, 本科其他211,Minghan
4262,3,321,,103,, 本科Top15 211,linkk
45,3,324,22,104,, 本科Top15 211,ElenaCHAO
1955,3,320,22,104,, 本科Top15 211,vivienqqqq
336,4,329,23,104,, 本科Top15 211,A30041839
786,3.5,321,,104,, 本科：南大，浙大，复旦，上交,aptaua
1438,,321,,104,, 本科：南大，浙大，复旦，上交,yanzhufanchen
2164,,328,,104,,,okayfaner
2604,,322,,104,, 本科：南大，浙大，复旦，上交,fjj0916
3343,3,336,,104,, 本科：北大，清华，科大，中科院，特色学校牛专业,csddff
3926,3.5,325,,104,, 本科Top15 211,ciciluo
4149,,322,,104,, 本科非211,caominki
581,3,312,22,105,, 本科Top30 211,uranus23
44,,321,23,105,, 本科：南大，浙大，复旦，上交,aivanessa
368,3.5,318,23,105,, 本科Top15 211,Firework
210,3,322,24,105,, 海本,haiweiosu
3986,,,24,105,, 本科：南大，浙大，复旦，上交,meyo
0,3.5,326,,105,,,morningsu
41,,330,,105,, 本科：南大，浙大，复旦，上交,qiuyu19900209
89,,321,,105,, 本科Top30 211,htg
426,3,322,,105,, 本科：南大，浙大，复旦，上交,霍尔顿
3259,3,323,,105,, 本科Top30 211,zoezhang
3899,3.5,325,,105,, 海本,frankless
610,3,322,22,106,, 本科：南大，浙大，复旦，上交,jimmyhbx
39,3,331,23,106,,,whoyo123
2180,3,323,23,106,, 本科Top30 211,LeeHooray
14,,322,,106,, 本科其他211,satankissyou
760,,312,,106,, 本科非211,花露水人魔
1474,,327,,106,,,LLLLLIIIII
2409,3,327,,106,, 本科：南大，浙大，复旦，上交,comeon
2850,,321,,106,, 本科Top30 211,blairmn123
2974,,323,,106,, 本科其他211,novemberay
3623,,327,,106,, 本科Top30 211,wzyath
3700,,323,,106,, 本科Top30 211,weitianyi321
4076,3,323,22,107,, 本科：南大，浙大，复旦，上交,土土土土土逗
547,3.5,325,23,107,, 本科：北大，清华，科大，中科院，特色学校牛专业,luzc
347,,314,,107,, 本科Top30 211,hammer9132
591,4,320,,107,, 海本,youlixiang
1532,,319,,107,, 本科Top30 211,liaoaoyuan
2163,,,,107,, 本科：南大，浙大，复旦，上交,2016fallsteve
2961,3.5,324,,107,, ,fishlinghu
2266,3.5,323,23,108,, 本科：南大，浙大，复旦，上交,pwwpche
813,,,27,108,, 本科Top30 211,雅爷也纠结名字
90,,325,,108,, 本科：南大，浙大，复旦，上交,liqingfd
1271,,335,,108,, 本科：北大，清华，科大，中科院，特色学校牛专业,surdcn
486,3.5,338,22,109,, 本科：南大，浙大，复旦，上交,simonw27
2633,4,318,22,109,, 本科其他211,lisalinner
2103,3,327,23,109,, 本科：北大，清华，科大，中科院，特色学校牛专业,jty2005
3995,3.5,324,,109,, 本科：北大，清华，科大，中科院，特色学校牛专业,marcusgao
3965,3.5,325,22,110,, 本科非211,霍然
161,4,330,24,110,, 本科：北大，清华，科大，中科院，特色学校牛专业,Yuno
1197,3.5,330,24,110,, 本科Top30 211,jerrypiglet
455,4.5,315,,110,, 本科：北大，清华，科大，中科院，特色学校牛专业,落水狗
1428,,327,,110,, 本科非211,haiyan
3348,3.5,324,,110,, 本科Top15 211,xiaoquanniao
3409,4,324,,110,, 本科：南大，浙大，复旦，上交,jsjtzyy
3353,4,322,,111,, 本科：北大，清华，科大，中科院，特色学校牛专业,linym012THU
3673,4,331,,111,, 海本,wolfgang1756
3912,,330,,111,, 本科：南大，浙大，复旦，上交,jocelynnn
546,3.5,333,24,112,, 本科：北大，清华，科大，中科院，特色学校牛专业,HeHePHD
15,4,320,,112,, 本科其他211,justinguo
1084,4,327,,112,, 海本,offfer
2857,3.5,324,,112,, 本科：南大，浙大，复旦，上交,拿衣服
4101,4.5,324,26,113,, 海本,q413111398
491,,330,,114,,,TH999
2357,4,325,,115,, 本科：南大，浙大，复旦，上交,ellewoods2015
3541,4.5,334,,119,, 海本,yzsuper
76,,314,,,, 海本,haishili0105
310,,323,,,, 海本,q198800287
596,,329,,,, 海本,xlhdh
614,3.5,322,,,, 本科：南大，浙大，复旦，上交,snowymo
619,,,,,, 本科：南大，浙大，复旦，上交,619899442
644,3,312,,,, 海本,weiserwx
951,,,,,, 本科：北大，清华，科大，中科院，特色学校牛专业,christy.zhang
1048,,325,,,, 海本,ilyak
1491,,,,,, 本科Top15 211,zeazy
1541,3.5,321,,,, 海本,ntooto
1867,4.5,330,,,, 海本,OneHeart
1888,,,,,, 本科：南大，浙大，复旦，上交,Liaeve
2112,,,,,, 海本,ShangShang123
2820,3,318,,,, 海本,omgzero
2842,3.5,313,,,, 本科Top15 211,Sin
2920,,317,,,, 本科Top15 211,melindali
3040,,321,,,, 本科Top15 211,zoe0612
3103,4.5,334,,,, 海本,onept3acr3s
3922,,,,,, 本科：南大，浙大，复旦，上交,jiaruomi
3960,,319,,,, 本科：南大，浙大，复旦，上交,Ramos_pid
3988,,325,,,, 本科Top30 211,奔跑的Matt
4253,3.5,328,,,, 本科：北大，清华，科大，中科院，特色学校牛专业,chenqian9119

,,,,,                                          ,,
